序号,URL,宽度,高度,类型
1,https://wdcdn.qpic.cn/MTY4ODg1NzUwMjczNDA0MA_670890_9QRp_rGomyEZoTW1_1742376685?w=1441&h=777&type=image/png,1441,777,image/png
2,https://wdcdn.qpic.cn/MTY4ODg1NDYxOTM4NzMzNg_318040_yZ8oT8P57jMEGgU1_1742099083?w=589&h=1280,589,1280,
3,https://wdcdn.qpic.cn/MTY4ODg1NDYxOTM4NzMzNg_336515_ki9DGn4tPyxHzQ8w_1742099083?w=589&h=1280,589,1280,
4,https://wdcdn.qpic.cn/MTY4ODg1NDYxOTM4NzMzNg_310386_GaLO_XgGkzwK5KhI_1742099083?w=589&h=1280,589,1280,
5,https://wdcdn.qpic.cn/MTY4ODg1NDYxOTM4NzMzNg_195287_j67BS3o_NXYRRIdb_1742356769?w=2377&h=1245&type=image/png,2377,1245,image/png
6,https://wdcdn.qpic.cn/MTY4ODg1NDYxOTM4NzMzNg_349527_zj9nz5ve7v4FHdg3_1742356773?w=2299&h=1129&type=image/png,2299,1129,image/png
7,https://wdcdn.qpic.cn/MTY4ODg1NDYxOTM4NzMzNg_217774_1EcGaKOGcGn1T2TI_1742356778?w=2335&h=1193&type=image/png,2335,1193,image/png
8,https://wdcdn.qpic.cn/MTY4ODg1NDYxOTM4NzMzNg_450407_Rodi6CFAh57_bJAw_1742356787?w=2191&h=1165&type=image/png,2191,1165,image/png
9,https://wdcdn.qpic.cn/MTY4ODg1NDYxOTM4NzMzNg_396894_mu9_oOUkpdE1mzwm_1742356790?w=2309&h=1289&type=image/png,2309,1289,image/png
10,https://wdcdn.qpic.cn/MTMxMDI3MDA3OTY0MjY0NjI_703190_7cvtE90agzas9Ekr_1742063505?w=1919&h=1048,1919,1048,
11,https://wdcdn.qpic.cn/MTMxMDI3MDA3OTY0MjY0NjI_524840_B46BAb_7rZhh7lGX_1742063505?w=1920&h=1047,1920,1047,
12,https://wdcdn.qpic.cn/MTMxMDI3MDA3OTY0MjY0NjI_386351_Ok95-kTO6zWRL27i_1742063505?w=1139&h=640,1139,640,
13,https://wdcdn.qpic.cn/MTMxMDI3MDA3OTY0MjY0NjI_546018_ZFAGUf8UOXT2qLk9_1742063505?w=482&h=362,482,362,
14,https://wdcdn.qpic.cn/MTMxMDI3MDA3OTY0MjY0NjI_436229_zhpG-6YfeNu7SZR-_1742063505?w=482&h=362,482,362,
15,https://wdcdn.qpic.cn/MTMxMDI3MDA3OTY0MjY0NjI_407594_mLKZVYbqiT14_Szv_1742063505?w=482&h=362,482,362,
16,https://wdcdn.qpic.cn/MTMxMDI3MDA3OTY0MjY0NjI_517380_OyCF_jnn0YY4CaIS_1742063505?w=482&h=362,482,362,
17,https://wdcdn.qpic.cn/MTMxMDI3MDA3OTY0MjY0NjI_830054_IrpQpDtIO51-ceY-_1742063505?w=1920&h=1080,1920,1080,
18,https://wdcdn.qpic.cn/MTMxMDI3MDA3OTY0MjY0NjI_9649_QwkRQtLUsUCq__Is_1742063506?w=1920&h=1080,1920,1080,
19,https://wdcdn.qpic.cn/MTMxMDI3MDA3OTY0MjY0NjI_419359_GV66L4aV0LcVskIt_1742063505?w=1920&h=1080,1920,1080,
20,https://wdcdn.qpic.cn/MTMxMDI3MDA3OTY0MjY0NjI_483124_0fKN2UMIYlP6PuI__1742063505?w=1920&h=1080,1920,1080,
21,https://wdcdn.qpic.cn/MTMxMDI3MDA3OTY0MjY0NjI_410023_BCeGufABD6OrN4oA_1742063505?w=1920&h=1047,1920,1047,
22,https://wdcdn.qpic.cn/MTMxMDI3MDA3OTY0MjY0NjI_339489_rSmd-gmSM3OTmCc3_1742063505?w=321&h=211,321,211,
23,https://wdcdn.qpic.cn/MTMxMDI3MDA3OTY0MjY0NjI_344336_75a4rstM2-7tqkFn_1742063505?w=321&h=211,321,211,
24,https://wdcdn.qpic.cn/MTMxMDI3MDA3OTY0MjY0NjI_461397_eWpfMklPHqirgRGc_1742063505?w=800&h=460,800,460,
25,https://wdcdn.qpic.cn/MTMxMDI3MDA3OTY0MjY0NjI_431395_4DwN2XwkAX7mOqT0_1742063505?w=814&h=467,814,467,
26,https://wdcdn.qpic.cn/MTMxMDI3MDA3OTY0MjY0NjI_362248_edoUwXlAdoVg0rGJ_1742063505?w=81&h=93,81,93,
27,https://wdcdn.qpic.cn/MTMxMDI3MDA3OTY0MjY0NjI_399084_l-WY_cdvZrOSqAya_1742063505?w=142&h=120,142,120,
28,https://wdcdn.qpic.cn/MTMxMDI3MDA3OTY0MjY0NjI_495841_EC6zecJnDedvzjca_1742063505?w=3119&h=315,3119,315,
29,https://wdcdn.qpic.cn/MTMxMDI3MDA3OTY0MjY0NjI_449620_ZodHvx0Wpo4xzoDb_1742063505?w=861&h=501,861,501,
30,https://wdcdn.qpic.cn/MTMxMDI3MDA3OTY0MjY0NjI_506894_V0dXr1ocCgvDDniO_1742063505?w=3115&h=1125,3115,1125,
31,https://wdcdn.qpic.cn/MTMxMDI3MDA3OTY0MjY0NjI_563160_xmg5ITVkHkfTZ3G6_1742063505?w=1121&h=1531,1121,1531,
32,https://wdcdn.qpic.cn/MTMxMDI3MDA3OTY0MjY0NjI_455660_XTx095ttVjPYcQQJ_1742063505?w=3119&h=949,3119,949,
33,https://wdcdn.qpic.cn/MTMxMDI3MDA3OTY0MjY0NjI_664598_dPd69TYdb6V_9-Bk_1742063505?w=2211&h=769,2211,769,
34,https://wdcdn.qpic.cn/MTMxMDI3MDA3OTY0MjY0NjI_813706_KDavJ4FsObtPt_YP_1742063505?w=1304&h=997,1304,997,
35,https://wdcdn.qpic.cn/MTMxMDI3MDA3OTY0MjY0NjI_683076_YOHiB_BacdTbkOur_1742063505?w=2908&h=1532,2908,1532,
36,https://wdcdn.qpic.cn/MTMxMDI3MDA3OTY0MjY0NjI_631673_VGibk9RdvBBNG-9B_1742063505?w=1770&h=1057,1770,1057,
37,https://wdcdn.qpic.cn/MTMxMDI3MDA3OTY0MjY0NjI_597526_q0qKFrWOwHsbUmit_1742063505?w=2085&h=975,2085,975,
38,https://wdcdn.qpic.cn/MTMxMDI3MDA3OTY0MjY0NjI_687418_4wKQFTnIKBO-eroF_1742063505?w=2173&h=959,2173,959,
39,https://wdcdn.qpic.cn/MTMxMDI3MDA3OTY0MjY0NjI_710148_0LQUH2G-jojCsrmh_1742063505?w=1953&h=947,1953,947,
40,https://wdcdn.qpic.cn/MTMxMDI3MDA3OTY0MjY0NjI_623577_4xoaHmcUm1E-xfgw_1742063505?w=1907&h=847,1907,847,
41,https://wdcdn.qpic.cn/MTMxMDI3MDA3OTY0MjY0NjI_502268_B6qU5j0pGpR-YrWt_1742063505?w=1801&h=915,1801,915,
42,https://wdcdn.qpic.cn/MTMxMDI3MDA3OTY0MjY0NjI_742070_vScG9XaAhcWjOyV__1742063505?w=2135&h=1098,2135,1098,
43,https://wdcdn.qpic.cn/MTMxMDI3MDA3OTY0MjY0NjI_557218_nKi1LiAXc_axD3bF_1742063505?w=2136&h=1131,2136,1131,
44,https://wdcdn.qpic.cn/MTMxMDI3MDA3OTY0MjY0NjI_722273_rFU8rR9nfN315Pnl_1742063505?w=2136&h=1131,2136,1131,
45,https://wdcdn.qpic.cn/MTMxMDI3MDA3OTY0MjY0NjI_732511_UaHGLdWv7eRNpwHe_1742063505?w=2136&h=1131,2136,1131,
46,https://wdcdn.qpic.cn/MTMxMDI3MDA3OTY0MjY0NjI_712392_ox8cQ8t05gA2G__e_1742063505?w=2136&h=1131,2136,1131,
47,https://wdcdn.qpic.cn/MTMxMDI3MDA3OTY0MjY0NjI_666204_pMOZg3BHSenb_JPv_1742063505?w=2136&h=1131,2136,1131,
48,https://wdcdn.qpic.cn/MTMxMDI3MDA3OTY0MjY0NjI_685031_NV38kimoaKGrgFJE_1742063505?w=2136&h=1131,2136,1131,
49,https://wdcdn.qpic.cn/MTMxMDI3MDA3OTY0MjY0NjI_556898_VCB8T_5G0S54WQ4N_1742063505?w=2136&h=1131,2136,1131,
50,https://wdcdn.qpic.cn/MTMxMDI3MDA3OTY0MjY0NjI_612640_N3J2LQyXePP7rlx4_1742063505?w=2136&h=1131,2136,1131,
51,https://wdcdn.qpic.cn/MTMxMDI3MDA3OTY0MjY0NjI_552019_PoLuta3X1d-PCFKE_1742063505?w=2136&h=1131,2136,1131,
52,https://wdcdn.qpic.cn/MTMxMDI3MDA3OTY0MjY0NjI_532758_lKOdLo2ZDSpbxklv_1742063505?w=2136&h=1131,2136,1131,
53,https://wdcdn.qpic.cn/MTY4ODg1NDYxOTM4NzMzNg_183034_HqTgIN8vyfPcpSMj_1742196244?w=2052&h=406&type=image/png,2052,406,image/png
54,https://wdcdn.qpic.cn/MTY4ODg1NDYxOTM4NzMzNg_125851_wuPhcuyOp0Vtfp4p_1742196258?w=2138&h=596&type=image/png,2138,596,image/png
55,https://wdcdn.qpic.cn/MTY4ODg1NDYxOTM4NzMzNg_361363_Lwvu0727xOTURLoo_1742196281?w=2108&h=1068&type=image/png,2108,1068,image/png
56,https://wdcdn.qpic.cn/MTY4ODg1NDYxOTM4NzMzNg_836936_Rrzs6ZVENtKC8dXL_1742196291?w=2134&h=1068&type=image/png,2134,1068,image/png
57,https://wdcdn.qpic.cn/MTY4ODg1NDYxOTM4NzMzNg_297918_sxaPjcLAh2km1XhJ_1742196400?w=2060&h=1108&type=image/png,2060,1108,image/png
